Product_Name, Pricing
Samsung Galaxy A10e 32GB - Black - Unlocked,$179.99$179.99SAVE $20
Samsung Galaxy Z Flip 256GB - Mirror Black - Unlocked,$1819.99$1,819.99
Samsung Galaxy Z Flip 256GB - Mirror Purple - Unlocked,$1819.99$1,819.99
Samsung Galaxy S20 Ultra 5G 128GB - Cosmic Grey - Unlocked,$1849.99$1,849.99
Samsung Galaxy A20 32GB - Black - Unlocked - Refurbished,$170.99$170.99SAVE $179
Samsung Galaxy A50 64GB - Black - Unlocked - Refurbished,$259.95$259.95SAVE $190
Apple iPhone 7 32GB Smartphone - Black - Unlocked - Certified Refurbished,$212$212.00SAVE $187
Apple iPhone 8 64GB - Space Grey - Refurbished,$317$317.00SAVE $282
Samsung Galaxy S20 5G 128GB - Cosmic Grey - Unlocked,$1319.99$1,319.99
Apple iPhone X 256GB Smartphone - Space Gray - Unlocked - Certified Refurbished,$649.61$649.61SAVE $289
Samsung Galaxy A70 128GB - Black - Unlocked,$499.99$499.99
Apple iPhone 11 64GB - Black - Unlocked,$979.99$979.99
Apple iPhone 8 64GB Smartphone - Space Gray - Unlocked - Certified Refurbished,$324.89$324.89SAVE $274
Apple iPhone XR 64GB Smartphone - Black - Unlocked - Certified Refurbished,$642.07$642.07SAVE $157
Samsung Galaxy S10 128GB Smartphone - Prism Black - Unlocked - Certified Refurbished,$585.99$585.99SAVE $414
Samsung Galaxy S20 Ultra 5G 512GB - Cosmic Grey - Unlocked,$2109.99$2,109.99
Samsung Galaxy S20 5G 128GB - Cloud Blue - Unlocked,$1319.99$1,319.99
Apple iPhone 11 64GB - Purple - Unlocked,$979.99$979.99
Samsung Galaxy S20+ 5G 128GB - Cosmic Black - Unlocked,$1579.99$1,579.99
Samsung Galaxy Note10+ 256GB - Aura Glow - Unlocked,$1259.99$1,259.99SAVE $200
Unlocked Nokia 3310 3G - Charcoal,$74.99$74.99SAVE $15
Apple iPhone 11 Pro Max 64GB - Midnight Green - Unlocked,$1519.99$1,519.99
Samsung Galaxy Note10+ 256GB Smartphone - Aura Black - Unlocked - Open Box (10/10 Condition),$928$928.00SAVE $272
Samsung Galaxy A50 64GB - Black - Unlocked,$399.95$399.95
